-- phpMyAdmin SQL Dump
-- version 5.2.1
-- https://www.phpmyadmin.net/
--
-- MĂĄy chá»§: 127.0.0.1:3306
-- Thá»i gian ÄĂŁ táșĄo: Th6 29, 2026 lĂșc 02:51 PM
-- PhiĂȘn báșŁn mĂĄy phá»„c vá»„: 8.3.0
-- PhiĂȘn báșŁn PHP: 8.2.18

SET SQL_MODE = "NO_AUTO_VALUE_ON_ZERO";
START TRANSACTION;
SET time_zone = "+00:00";


/*!40101 SET @OLD_CHARACTER_SET_CLIENT=@@CHARACTER_SET_CLIENT */;
/*!40101 SET @OLD_CHARACTER_SET_RESULTS=@@CHARACTER_SET_RESULTS */;
/*!40101 SET @OLD_COLLATION_CONNECTION=@@COLLATION_CONNECTION */;
/*!40101 SET NAMES utf8mb4 */;

--
-- CÆĄ sá» dá»Ż liá»u: `lvtnbg`
--

-- --------------------------------------------------------

--
-- Cáș„u trĂșc báșŁng cho báșŁng `bienthesanpham`
--

DROP TABLE IF EXISTS `bienthesanpham`;
CREATE TABLE IF NOT EXISTS `bienthesanpham` (
  `mabienthe` int NOT NULL AUTO_INCREMENT,
  `masanpham` int DEFAULT NULL,
  `makichthuoc` int DEFAULT NULL,
  `mamausac` int DEFAULT NULL,
  `soluongton` int DEFAULT '0',
  `giaban` decimal(10,2) DEFAULT NULL,
  `ngaytao` timestamp NULL DEFAULT CURRENT_TIMESTAMP,
  `trangthaihoatdongbtsp` enum('hoáșĄt Äá»ng','khĂŽng hoáșĄt Äá»ng') CHARACTER SET utf8mb4 COLLATE utf8mb4_unicode_ci NOT NULL DEFAULT 'hoáșĄt Äá»ng',
  PRIMARY KEY (`mabienthe`),
  KEY `masanpham` (`masanpham`),
  KEY `makichthuoc` (`makichthuoc`),
  KEY `mamausac` (`mamausac`)
) ENGINE=InnoDB AUTO_INCREMENT=26 DEFAULT CHARSET=utf8mb4 COLLATE=utf8mb4_unicode_ci;

--
-- Äang Äá» dá»Ż liá»u cho báșŁng `bienthesanpham`
--

INSERT INTO `bienthesanpham` (`mabienthe`, `masanpham`, `makichthuoc`, `mamausac`, `soluongton`, `giaban`, `ngaytao`, `trangthaihoatdongbtsp`) VALUES
(1, 1, 3, 1, 25, 3290000.00, '2026-06-22 08:59:02', 'hoáșĄt Äá»ng'),
(2, 1, 4, 1, 20, 3290000.00, '2026-06-22 08:59:02', 'hoáșĄt Äá»ng'),
(3, 1, 5, 2, 18, 3290000.00, '2026-06-22 08:59:02', 'hoáșĄt Äá»ng'),
(4, 2, 3, 2, 15, 3990000.00, '2026-06-22 08:59:02', 'hoáșĄt Äá»ng'),
(5, 2, 4, 2, 22, 3990000.00, '2026-06-22 08:59:02', 'hoáșĄt Äá»ng'),
(6, 2, 5, 1, 17, 3990000.00, '2026-06-22 08:59:02', 'hoáșĄt Äá»ng'),
(7, 3, 3, 1, 30, 2490000.00, '2026-06-22 08:59:02', 'hoáșĄt Äá»ng'),
(8, 3, 4, 5, 20, 2490000.00, '2026-06-22 08:59:02', 'hoáșĄt Äá»ng'),
(9, 4, 3, 2, 18, 2790000.00, '2026-06-22 08:59:02', 'hoáșĄt Äá»ng'),
(10, 4, 4, 3, 22, 2790000.00, '2026-06-22 08:59:02', 'hoáșĄt Äá»ng'),
(11, 4, 5, 6, 15, 2790000.00, '2026-06-22 08:59:02', 'hoáșĄt Äá»ng'),
(12, 5, 4, 4, 12, 3590000.00, '2026-06-22 08:59:02', 'hoáșĄt Äá»ng'),
(13, 5, 5, 1, 10, 3590000.00, '2026-06-22 08:59:02', 'hoáșĄt Äá»ng'),
(14, 6, 4, 1, 15, 4190000.00, '2026-06-22 08:59:02', 'hoáșĄt Äá»ng'),
(15, 6, 5, 2, 12, 4190000.00, '2026-06-22 08:59:02', 'hoáșĄt Äá»ng'),
(16, 7, 3, 2, 30, 1890000.00, '2026-06-22 08:59:02', 'hoáșĄt Äá»ng'),
(17, 7, 4, 1, 25, 1890000.00, '2026-06-22 08:59:02', 'hoáșĄt Äá»ng'),
(18, 8, 4, 1, 22, 1690000.00, '2026-06-22 08:59:02', 'hoáșĄt Äá»ng'),
(19, 8, 5, 2, 20, 1690000.00, '2026-06-22 08:59:02', 'hoáșĄt Äá»ng'),
(20, 9, 4, 3, 18, 2890000.00, '2026-06-22 08:59:02', 'hoáșĄt Äá»ng'),
(21, 9, 5, 1, 15, 2890000.00, '2026-06-22 08:59:02', 'hoáșĄt Äá»ng'),
(22, 9, 6, 2, 12, 2890000.00, '2026-06-22 08:59:02', 'hoáșĄt Äá»ng'),
(23, 10, 4, 1, 20, 3190000.00, '2026-06-22 08:59:02', 'hoáșĄt Äá»ng'),
(24, 10, 5, 3, 18, 3190000.00, '2026-06-22 08:59:02', 'hoáșĄt Äá»ng'),
(25, 10, 6, 6, 10, 3190000.00, '2026-06-22 08:59:02', 'hoáșĄt Äá»ng');

-- --------------------------------------------------------

--
-- Cáș„u trĂșc báșŁng cho báșŁng `chitietdonhang`
--

DROP TABLE IF EXISTS `chitietdonhang`;
CREATE TABLE IF NOT EXISTS `chitietdonhang` (
  `machitietdonhang` int NOT NULL AUTO_INCREMENT,
  `madonhang` int DEFAULT NULL,
  `mabienthe` int DEFAULT NULL,
  `soluong` int DEFAULT NULL,
  `giagoc` decimal(15,2) DEFAULT NULL,
  `loaikhuyenmai` enum('%','tiá»n') DEFAULT NULL,
  `giakhuyenmai` decimal(15,2) DEFAULT '0.00',
  `giasaukhuyenmai` decimal(15,2) DEFAULT NULL,
  `ghichu` text,
  `ngaytao` datetime DEFAULT CURRENT_TIMESTAMP,
  `ngaycapnhat` datetime DEFAULT CURRENT_TIMESTAMP ON UPDATE CURRENT_TIMESTAMP,
  PRIMARY KEY (`machitietdonhang`),
  KEY `chitietdonhang_ibfk_1` (`madonhang`),
  KEY `chitietdonhang_ibfk_2` (`mabienthe`)
) ENGINE=InnoDB AUTO_INCREMENT=147 DEFAULT CHARSET=utf8mb4 COLLATE=utf8mb4_0900_ai_ci;

-- --------------------------------------------------------

--
-- Cáș„u trĂșc báșŁng cho báșŁng `danhmuc`
--

DROP TABLE IF EXISTS `danhmuc`;
CREATE TABLE IF NOT EXISTS `danhmuc` (
  `madanhmuc` int NOT NULL AUTO_INCREMENT,
  `tendanhmuc` varchar(250) NOT NULL,
  `ngaytao` timestamp NOT NULL,
  `gioitinh` enum('Nam','Nu') NOT NULL,
  PRIMARY KEY (`madanhmuc`)
) ENGINE=InnoDB AUTO_INCREMENT=16 DEFAULT CHARSET=utf8mb4 COLLATE=utf8mb4_0900_ai_ci;

--
-- Äang Äá» dá»Ż liá»u cho báșŁng `danhmuc`
--

INSERT INTO `danhmuc` (`madanhmuc`, `tendanhmuc`, `ngaytao`, `gioitinh`) VALUES
(1, 'GiĂ y CháșĄy Bá» Nam', '2026-06-22 08:46:55', 'Nam'),
(2, 'GiĂ y Sneaker Nam', '2026-06-22 08:46:55', 'Nam'),
(3, 'GiĂ y BĂłng Rá» Nam', '2026-06-22 08:46:55', 'Nam'),
(4, 'GiĂ y CháșĄy Bá» Ná»Ż', '2026-06-22 08:46:55', 'Nu'),
(5, 'GiĂ y Sneaker Ná»Ż', '2026-06-22 08:46:55', 'Nu'),
(6, 'GiĂ y Thá»i Trang Ná»Ż', '2026-06-22 08:46:55', 'Nu');

-- --------------------------------------------------------

--
-- Cáș„u trĂșc báșŁng cho báșŁng `donhang`
--

DROP TABLE IF EXISTS `donhang`;
CREATE TABLE IF NOT EXISTS `donhang` (
  `madonhang` int NOT NULL AUTO_INCREMENT,
  `app_trans_id` varchar(50) DEFAULT NULL,
  `zalopay_trans_id` varchar(50) DEFAULT NULL,
  `manguoidung` int DEFAULT NULL,
  `tennguoinhan` varchar(250) DEFAULT NULL,
  `sodienthoai` varchar(20) DEFAULT NULL,
  `diachigiao` text,
  `donvivanchuyen` varchar(250) DEFAULT NULL,
  `ngaydukiengiao` datetime DEFAULT NULL,
  `hinhthucthanhtoan` varchar(250) DEFAULT NULL,
  `dathanhtoan` tinyint(1) DEFAULT '0',
  `ngaythanhtoan` datetime DEFAULT NULL,
  `tongtien` decimal(15,2) DEFAULT NULL,
  `phivanchuyen` decimal(15,2) DEFAULT NULL,
  `tongthanhtoan` decimal(15,2) DEFAULT NULL,
  `trangthai` varchar(50) NOT NULL DEFAULT 'chá» xĂĄc nháș­n',
  `ghichu` text,
  `ngaytao` datetime DEFAULT CURRENT_TIMESTAMP,
  `ngaycapnhat` datetime DEFAULT CURRENT_TIMESTAMP ON UPDATE CURRENT_TIMESTAMP,
  `lydo_huy` text,
  PRIMARY KEY (`madonhang`),
  KEY `donhang_ibfk_1` (`manguoidung`)
) ENGINE=InnoDB AUTO_INCREMENT=147 DEFAULT CHARSET=utf8mb4 COLLATE=utf8mb4_0900_ai_ci;

-- --------------------------------------------------------

--
-- Cáș„u trĂșc báșŁng cho báșŁng `hang`
--

DROP TABLE IF EXISTS `hang`;
CREATE TABLE IF NOT EXISTS `hang` (
  `mahang` int NOT NULL AUTO_INCREMENT,
  `tenhang` varchar(250) CHARACTER SET utf8mb4 COLLATE utf8mb4_unicode_ci NOT NULL,
  `mota` text CHARACTER SET utf8mb4 COLLATE utf8mb4_unicode_ci,
  `trangthai` enum('hoáșĄt Äá»ng','khĂŽng hoáșĄt Äá»ng') CHARACTER SET utf8mb4 COLLATE utf8mb4_unicode_ci NOT NULL DEFAULT 'hoáșĄt Äá»ng',
  `ngaytao` timestamp NULL DEFAULT CURRENT_TIMESTAMP,
  PRIMARY KEY (`mahang`)
) ENGINE=InnoDB AUTO_INCREMENT=8 DEFAULT CHARSET=utf8mb4 COLLATE=utf8mb4_unicode_ci;

--
-- Äang Äá» dá»Ż liá»u cho báșŁng `hang`
--

INSERT INTO `hang` (`mahang`, `tenhang`, `mota`, `trangthai`, `ngaytao`) VALUES
(1, 'Nike', 'ThÆ°ÆĄng hiá»u giĂ y thá» thao ná»i báș­t vá»i phong cĂĄch nÄng Äá»ng, hiá»n ÄáșĄi.', 'hoáșĄt Äá»ng', '2026-06-09 06:35:00'),
(2, 'Adidas', 'ThÆ°ÆĄng hiá»u giĂ y thá» thao quá»c táșż, phĂč há»Łp cháșĄy bá», lifestyle vĂ  training.', 'hoáșĄt Äá»ng', '2026-06-09 06:35:00'),
(3, 'Puma', 'ThÆ°ÆĄng hiá»u giĂ y tráș» trung, máșĄnh máșœ, phĂč há»Łp phong cĂĄch streetwear.', 'hoáșĄt Äá»ng', '2026-06-09 06:35:00'),
(4, 'New Balance', 'ThÆ°ÆĄng hiá»u giĂ y ná»i báș­t vá» sá»± thoáșŁi mĂĄi, form dĂĄng basic vĂ  dá» phá»i Äá».', 'hoáșĄt Äá»ng', '2026-06-09 06:35:00'),
(5, 'Converse', 'ThÆ°ÆĄng hiá»u giĂ y casual kinh Äiá»n, phĂč há»Łp Äi há»c, Äi chÆĄi háș±ng ngĂ y.', 'hoáșĄt Äá»ng', '2026-06-09 06:35:00'),
(6, 'Vans', 'ThÆ°ÆĄng hiá»u giĂ y streetwear phĂč há»Łp giá»i tráș», phong cĂĄch nÄng Äá»ng.', 'hoáșĄt Äá»ng', '2026-06-09 06:35:00'),
(7, 'KICKZONE', 'DĂČng sáșŁn pháș©m giĂ y riĂȘng cá»§a cá»­a hĂ ng KICKZONE.', 'hoáșĄt Äá»ng', '2026-06-09 06:35:00');

-- --------------------------------------------------------

--
-- Cáș„u trĂșc báșŁng cho báșŁng `hinhanh`
--

DROP TABLE IF EXISTS `hinhanh`;
CREATE TABLE IF NOT EXISTS `hinhanh` (
  `mahinhanh` int NOT NULL AUTO_INCREMENT,
  `mabienthe` int DEFAULT NULL,
  `urlhinhanh` varchar(250) CHARACTER SET utf8mb4 COLLATE utf8mb4_unicode_ci NOT NULL,
  `ngaytao` timestamp NULL DEFAULT CURRENT_TIMESTAMP,
  `stt` int DEFAULT NULL,
  PRIMARY KEY (`mahinhanh`),
  KEY `mabienthe` (`mabienthe`)
) ENGINE=InnoDB AUTO_INCREMENT=205 DEFAULT CHARSET=utf8mb4 COLLATE=utf8mb4_unicode_ci;

--
-- Äang Äá» dá»Ż liá»u cho báșŁng `hinhanh`
--

INSERT INTO `hinhanh` (`mahinhanh`, `mabienthe`, `urlhinhanh`, `ngaytao`, `stt`) VALUES
(88, 15, 'https://res.cloudinary.com/dt3ol8mcr/image/upload/v1763624402/ShopQuanAo/Nu/SoMi/vhrmxy5rmoezpzlygyoh.webp', '2025-11-20 07:40:03', 1),
(89, 13, 'https://res.cloudinary.com/dt3ol8mcr/image/upload/v1763624404/ShopQuanAo/Nu/SoMi/myiougwkeogsh2lsxaih.webp', '2025-11-20 07:40:05', 1),
(90, 15, 'https://res.cloudinary.com/dt3ol8mcr/image/upload/v1763624404/ShopQuanAo/Nu/SoMi/myiougwkeogsh2lsxaih.webp', '2025-11-20 07:40:05', 1),
(91, 14, 'https://res.cloudinary.com/dt3ol8mcr/image/upload/v1763624405/ShopQuanAo/Nu/SoMi/xbmmgijcclrmah6qqjbe.webp', '2025-11-20 07:40:06', 1),
(92, 16, 'https://res.cloudinary.com/dt3ol8mcr/image/upload/v1763624405/ShopQuanAo/Nu/SoMi/xbmmgijcclrmah6qqjbe.webp', '2025-11-20 07:40:06', 1),
(93, 14, 'https://res.cloudinary.com/dt3ol8mcr/image/upload/v1763624406/ShopQuanAo/Nu/SoMi/uylcdjypxa6pcxkh4dcb.webp', '2025-11-20 07:40:08', 1),
(94, 16, 'https://res.cloudinary.com/dt3ol8mcr/image/upload/v1763624406/ShopQuanAo/Nu/SoMi/uylcdjypxa6pcxkh4dcb.webp', '2025-11-20 07:40:08', 1),
(99, 25, 'https://res.cloudinary.com/dt3ol8mcr/image/upload/v1763624409/ShopQuanAo/Nu/Dam/nlj9a8d4pim5o84up5rq.webp', '2025-11-20 07:40:11', 1),
(100, 27, 'https://res.cloudinary.com/dt3ol8mcr/image/upload/v1763624409/ShopQuanAo/Nu/Dam/nlj9a8d4pim5o84up5rq.webp', '2025-11-20 07:40:11', 1),
(101, 25, 'https://res.cloudinary.com/dt3ol8mcr/image/upload/v1763624411/ShopQuanAo/Nu/Dam/izf43kslu1qqxnfok8bo.webp', '2025-11-20 07:40:11', 1),
(102, 27, 'https://res.cloudinary.com/dt3ol8mcr/image/upload/v1763624411/ShopQuanAo/Nu/Dam/izf43kslu1qqxnfok8bo.webp', '2025-11-20 07:40:11', 1),
(103, 26, 'https://res.cloudinary.com/dt3ol8mcr/image/upload/v1763624411/ShopQuanAo/Nu/Dam/nczx5mkpbfql6nxgcr58.jpg', '2025-11-20 07:40:12', 1),
(104, 28, 'https://res.cloudinary.com/dt3ol8mcr/image/upload/v1763624411/ShopQuanAo/Nu/Dam/nczx5mkpbfql6nxgcr58.jpg', '2025-11-20 07:40:12', 1),
(105, 26, 'https://res.cloudinary.com/dt3ol8mcr/image/upload/v1763624412/ShopQuanAo/Nu/Dam/jonfksnzr1ti8cwy86ai.jpg', '2025-11-20 07:40:14', 1),
(106, 28, 'https://res.cloudinary.com/dt3ol8mcr/image/upload/v1763624412/ShopQuanAo/Nu/Dam/jonfksnzr1ti8cwy86ai.jpg', '2025-11-20 07:40:14', 1),
(127, 38, 'https://res.cloudinary.com/dt3ol8mcr/image/upload/v1767532385/ShopQuanAo/Nam/AoThun/1767532390053.jpg', '2026-01-04 13:13:11', 1),
(128, 38, 'https://res.cloudinary.com/dt3ol8mcr/image/upload/v1767532386/ShopQuanAo/Nam/AoThun/1767532391273.jpg', '2026-01-04 13:13:12', 1),
(129, 39, 'https://res.cloudinary.com/dt3ol8mcr/image/upload/v1767532387/ShopQuanAo/Nam/AoThun/1767532392381.jpg', '2026-01-04 13:13:13', 1),
(130, 39, 'https://res.cloudinary.com/dt3ol8mcr/image/upload/v1767532388/ShopQuanAo/Nam/AoThun/1767532393297.webp', '2026-01-04 13:13:14', 1),
(131, 40, 'https://res.cloudinary.com/dt3ol8mcr/image/upload/v1767532389/ShopQuanAo/Nam/AoThun/1767532394354.jpg', '2026-01-04 13:13:15', 1),
(132, 40, 'https://res.cloudinary.com/dt3ol8mcr/image/upload/v1767532390/ShopQuanAo/Nam/AoThun/1767532395372.jpg', '2026-01-04 13:13:16', 1),
(133, 41, 'https://res.cloudinary.com/dt3ol8mcr/image/upload/v1767532391/ShopQuanAo/Nam/AoThun/1767532396595.jpg', '2026-01-04 13:13:17', 1),
(134, 41, 'https://res.cloudinary.com/dt3ol8mcr/image/upload/v1767532392/ShopQuanAo/Nam/AoThun/1767532397503.webp', '2026-01-04 13:13:18', 1),
(135, 42, 'https://res.cloudinary.com/dt3ol8mcr/image/upload/v1767534064/ShopQuanAo/Nu/AoThun/1767534069585.webp', '2026-01-04 13:41:10', 1),
(136, 42, 'https://res.cloudinary.com/dt3ol8mcr/image/upload/v1767534065/ShopQuanAo/Nu/AoThun/1767534070622.webp', '2026-01-04 13:41:11', 1),
(137, 43, 'https://res.cloudinary.com/dt3ol8mcr/image/upload/v1767534066/ShopQuanAo/Nu/AoThun/1767534071677.webp', '2026-01-04 13:41:12', 1),
(138, 43, 'https://res.cloudinary.com/dt3ol8mcr/image/upload/v1767534067/ShopQuanAo/Nu/AoThun/1767534072758.webp', '2026-01-04 13:41:13', 1),
(139, 44, 'https://res.cloudinary.com/dt3ol8mcr/image/upload/v1767534068/ShopQuanAo/Nu/AoThun/1767534073755.webp', '2026-01-04 13:41:15', 1),
(140, 44, 'https://res.cloudinary.com/dt3ol8mcr/image/upload/v1767534070/ShopQuanAo/Nu/AoThun/1767534075261.jpg', '2026-01-04 13:41:16', 1),
(141, 45, 'https://res.cloudinary.com/dt3ol8mcr/image/upload/v1767534070/ShopQuanAo/Nu/AoThun/1767534076117.jpg', '2026-01-04 13:41:16', 1),
(142, 45, 'https://res.cloudinary.com/dt3ol8mcr/image/upload/v1767534071/ShopQuanAo/Nu/AoThun/1767534076814.webp', '2026-01-04 13:41:18', 1),
(143, 46, 'https://res.cloudinary.com/dt3ol8mcr/image/upload/v1767534073/ShopQuanAo/Nu/AoThun/1767534078898.webp', '2026-01-04 13:41:19', 1),
(144, 46, 'https://res.cloudinary.com/dt3ol8mcr/image/upload/v1767534075/ShopQuanAo/Nu/AoThun/1767534079999.webp', '2026-01-04 13:41:20', 1),
(145, 47, 'https://res.cloudinary.com/dt3ol8mcr/image/upload/v1767534075/ShopQuanAo/Nu/AoThun/1767534080838.webp', '2026-01-04 13:41:21', 1),
(146, 47, 'https://res.cloudinary.com/dt3ol8mcr/image/upload/v1767534076/ShopQuanAo/Nu/AoThun/1767534081789.webp', '2026-01-04 13:41:22', 1),
(147, 48, 'https://res.cloudinary.com/dt3ol8mcr/image/upload/v1767535744/ShopQuanAo/Nu/Khoac/1767535749142.webp', '2026-01-04 14:09:10', 1),
(148, 48, 'https://res.cloudinary.com/dt3ol8mcr/image/upload/v1767535745/ShopQuanAo/Nu/Khoac/1767535750335.jpg', '2026-01-04 14:09:11', 1),
(149, 49, 'https://res.cloudinary.com/dt3ol8mcr/image/upload/v1767535746/ShopQuanAo/Nu/Khoac/1767535751257.jpg', '2026-01-04 14:09:12', 1),
(150, 49, 'https://res.cloudinary.com/dt3ol8mcr/image/upload/v1767535747/ShopQuanAo/Nu/Khoac/1767535752379.webp', '2026-01-04 14:09:13', 1),
(151, 50, 'https://res.cloudinary.com/dt3ol8mcr/image/upload/v1767535748/ShopQuanAo/Nu/Khoac/1767535753504.webp', '2026-01-04 14:09:14', 1),
(152, 50, 'https://res.cloudinary.com/dt3ol8mcr/image/upload/v1767535749/ShopQuanAo/Nu/Khoac/1767535754446.jpg', '2026-01-04 14:09:15', 1),
(153, 51, 'https://res.cloudinary.com/dt3ol8mcr/image/upload/v1767535750/ShopQuanAo/Nu/Khoac/1767535755323.jpg', '2026-01-04 14:09:16', 1),
(154, 51, 'https://res.cloudinary.com/dt3ol8mcr/image/upload/v1767535751/ShopQuanAo/Nu/Khoac/1767535756281.webp', '2026-01-04 14:09:17', 1),
(155, 52, 'https://res.cloudinary.com/dt3ol8mcr/image/upload/v1767536695/ShopQuanAo/Nam/Khac/1767536700518.jpg', '2026-01-04 14:25:01', 1),
(156, 52, 'https://res.cloudinary.com/dt3ol8mcr/image/upload/v1767536696/ShopQuanAo/Nam/Khac/1767536701440.jpg', '2026-01-04 14:25:02', 1),
(157, 53, 'https://res.cloudinary.com/dt3ol8mcr/image/upload/v1767536697/ShopQuanAo/Nam/Khac/1767536702478.jpg', '2026-01-04 14:25:03', 1),
(158, 53, 'https://res.cloudinary.com/dt3ol8mcr/image/upload/v1767536698/ShopQuanAo/Nam/Khac/1767536703386.jpg', '2026-01-04 14:25:04', 1),
(159, 54, 'https://res.cloudinary.com/dt3ol8mcr/image/upload/v1767536699/ShopQuanAo/Nam/Khac/1767536704316.jpg', '2026-01-04 14:25:05', 1),
(160, 54, 'https://res.cloudinary.com/dt3ol8mcr/image/upload/v1767536700/ShopQuanAo/Nam/Khac/1767536705317.png', '2026-01-04 14:25:06', 1),
(161, 55, 'https://res.cloudinary.com/dt3ol8mcr/image/upload/v1767536701/ShopQuanAo/Nam/Khac/1767536706366.png', '2026-01-04 14:25:07', 1),
(162, 55, 'https://res.cloudinary.com/dt3ol8mcr/image/upload/v1767536702/ShopQuanAo/Nam/Khac/1767536707693.jpg', '2026-01-04 14:25:08', 1),
(163, 56, 'https://res.cloudinary.com/dt3ol8mcr/image/upload/v1767538811/ShopQuanAo/Nam/QuanJean/1767538814941.jpg', '2026-01-04 15:00:17', 1),
(164, 56, 'https://res.cloudinary.com/dt3ol8mcr/image/upload/v1767538813/ShopQuanAo/Nam/QuanJean/1767538817986.jpg', '2026-01-04 15:00:20', 1),
(165, 57, 'https://res.cloudinary.com/dt3ol8mcr/image/upload/v1767538816/ShopQuanAo/Nam/QuanJean/1767538820295.jpg', '2026-01-04 15:00:22', 1),
(166, 57, 'https://res.cloudinary.com/dt3ol8mcr/image/upload/v1767538818/ShopQuanAo/Nam/QuanJean/1767538822555.jpg', '2026-01-04 15:00:24', 1),
(167, 58, 'https://res.cloudinary.com/dt3ol8mcr/image/upload/v1767538820/ShopQuanAo/Nam/QuanJean/1767538824836.webp', '2026-01-04 15:00:29', 1),
(168, 58, 'https://res.cloudinary.com/dt3ol8mcr/image/upload/v1767538825/ShopQuanAo/Nam/QuanJean/1767538829366.webp', '2026-01-04 15:00:31', 1),
(169, 59, 'https://res.cloudinary.com/dt3ol8mcr/image/upload/v1767538827/ShopQuanAo/Nam/QuanJean/1767538831617.webp', '2026-01-04 15:00:33', 1),
(170, 59, 'https://res.cloudinary.com/dt3ol8mcr/image/upload/v1767538829/ShopQuanAo/Nam/QuanJean/1767538833651.webp', '2026-01-04 15:00:35', 1),
(174, 63, 'https://res.cloudinary.com/dt3ol8mcr/image/upload/v1767582705/ShopQuanAo/Nam/AoThun/1767582705821.jpg', '2026-01-05 03:11:46', 1),
(175, 64, 'https://res.cloudinary.com/dt3ol8mcr/image/upload/v1767582755/ShopQuanAo/Nam/AoThun/1767582756413.jpg', '2026-01-05 03:12:37', 1),
(176, 65, 'https://res.cloudinary.com/dt3ol8mcr/image/upload/v1767583122/ShopQuanAo/Nu/AoThun/1767583122440.jpg', '2026-01-05 03:18:43', 1),
(177, 65, 'https://res.cloudinary.com/dt3ol8mcr/image/upload/v1767583123/ShopQuanAo/Nu/AoThun/1767583123934.webp', '2026-01-05 03:18:45', 1),
(178, 66, 'https://res.cloudinary.com/dt3ol8mcr/image/upload/v1767583283/ShopQuanAo/Nu/AoThun/1767583283900.jpg', '2026-01-05 03:21:25', 1),
(179, 66, 'https://res.cloudinary.com/dt3ol8mcr/image/upload/v1767583284/ShopQuanAo/Nu/AoThun/1767583285061.webp', '2026-01-05 03:21:25', 1),
(180, 67, 'https://res.cloudinary.com/dt3ol8mcr/image/upload/v1768930706/ShopQuanAo/Nu/SoMi/1768930705292.webp', '2026-01-20 17:38:27', 1),
(181, 67, 'https://res.cloudinary.com/dt3ol8mcr/image/upload/v1768930708/ShopQuanAo/Nu/SoMi/1768930707466.jpg', '2026-01-20 17:38:28', 1),
(190, 75, 'https://res.cloudinary.com/dt3ol8mcr/image/upload/v1768931919/ShopQuanAo/Nam/Khoac/1768931918480.jpg', '2026-01-20 17:58:39', 1),
(191, 76, 'https://res.cloudinary.com/dt3ol8mcr/image/upload/v1768931920/ShopQuanAo/Nam/Khoac/1768931919610.jpg', '2026-01-20 17:58:40', 1),
(192, 76, 'https://res.cloudinary.com/dt3ol8mcr/image/upload/v1768931921/ShopQuanAo/Nam/Khoac/1768931920645.jpg', '2026-01-20 17:58:41', 1),
(193, 77, 'https://res.cloudinary.com/dt3ol8mcr/image/upload/v1768931922/ShopQuanAo/Nam/Khoac/1768931921802.jpg', '2026-01-20 17:58:42', 1),
(194, 77, 'https://res.cloudinary.com/dt3ol8mcr/image/upload/v1768931923/ShopQuanAo/Nam/Khoac/1768931922861.jpg', '2026-01-20 17:58:44', 1),
(195, 78, 'https://res.cloudinary.com/dt3ol8mcr/image/upload/v1768931924/ShopQuanAo/Nam/Khoac/1768931924159.jpg', '2026-01-20 17:58:45', 1);

-- --------------------------------------------------------

--
-- Cáș„u trĂșc báșŁng cho báșŁng `hoantien`
--

DROP TABLE IF EXISTS `hoantien`;
CREATE TABLE IF NOT EXISTS `hoantien` (
  `mahoantien` int NOT NULL AUTO_INCREMENT,
  `madonhang` int NOT NULL,
  `m_refund_id` varchar(50) NOT NULL,
  `magiaodich_zalopay` bigint DEFAULT NULL,
  `sotienhoan` bigint NOT NULL,
  `trangthai` enum('dang_xu_ly','thanh_cong','that_bai') NOT NULL,
  `phanhoi_zalopay` json DEFAULT NULL,
  `ngaytao` datetime DEFAULT CURRENT_TIMESTAMP,
  `ngaycapnhat` datetime DEFAULT CURRENT_TIMESTAMP ON UPDATE CURRENT_TIMESTAMP,
  PRIMARY KEY (`mahoantien`),
  UNIQUE KEY `uq_refund` (`m_refund_id`),
  KEY `idx_donhang` (`madonhang`)
) ENGINE=MyISAM AUTO_INCREMENT=251244 DEFAULT CHARSET=utf8mb4 COLLATE=utf8mb4_0900_ai_ci;

-- --------------------------------------------------------

--
-- Cáș„u trĂșc báșŁng cho báșŁng `kichthuoc`
--

DROP TABLE IF EXISTS `kichthuoc`;
CREATE TABLE IF NOT EXISTS `kichthuoc` (
  `makichthuoc` int NOT NULL AUTO_INCREMENT,
  `tenkichthuoc` varchar(10) CHARACTER SET utf8mb4 COLLATE utf8mb4_unicode_ci NOT NULL,
  `mota` text CHARACTER SET utf8mb4 COLLATE utf8mb4_unicode_ci,
  `ngaytao` timestamp NULL DEFAULT CURRENT_TIMESTAMP,
  PRIMARY KEY (`makichthuoc`)
) ENGINE=InnoDB AUTO_INCREMENT=8 DEFAULT CHARSET=utf8mb4 COLLATE=utf8mb4_unicode_ci;

--
-- Äang Äá» dá»Ż liá»u cho báșŁng `kichthuoc`
--

INSERT INTO `kichthuoc` (`makichthuoc`, `tenkichthuoc`, `mota`, `ngaytao`) VALUES
(1, '38', 'Size giĂ y 38', '2026-06-22 08:49:45'),
(2, '39', 'Size giĂ y 39', '2026-06-22 08:49:45'),
(3, '40', 'Size giĂ y 40', '2026-06-22 08:49:45'),
(4, '41', 'Size giĂ y 41', '2026-06-22 08:49:45'),
(5, '42', 'Size giĂ y 42', '2026-06-22 08:49:45'),
(6, '43', 'Size giĂ y 43', '2026-06-22 08:49:45'),
(7, '44', 'Size giĂ y 44', '2026-06-22 08:49:45');

-- --------------------------------------------------------

--
-- Cáș„u trĂșc báșŁng cho báșŁng `mausac`
--

DROP TABLE IF EXISTS `mausac`;
CREATE TABLE IF NOT EXISTS `mausac` (
  `mamausac` int NOT NULL AUTO_INCREMENT,
  `tenmausac` varchar(250) CHARACTER SET utf8mb4 COLLATE utf8mb4_unicode_ci NOT NULL,
  `mota` text CHARACTER SET utf8mb4 COLLATE utf8mb4_unicode_ci,
  `hexcode` varchar(250) CHARACTER SET utf8mb4 COLLATE utf8mb4_unicode_ci DEFAULT NULL,
  `ngaytao` timestamp NULL DEFAULT CURRENT_TIMESTAMP,
  PRIMARY KEY (`mamausac`)
) ENGINE=InnoDB AUTO_INCREMENT=17 DEFAULT CHARSET=utf8mb4 COLLATE=utf8mb4_unicode_ci;

--
-- Äang Äá» dá»Ż liá»u cho báșŁng `mausac`
--

INSERT INTO `mausac` (`mamausac`, `tenmausac`, `mota`, `hexcode`, `ngaytao`) VALUES
(1, 'Äen', 'MĂ u Äen cÆĄ báșŁn, dá» phá»i Äá»', '#000000', '2026-06-22 08:48:21'),
(2, 'TráșŻng', 'MĂ u tráșŻng tinh táșż vĂ  hiá»n ÄáșĄi', '#FFFFFF', '2026-06-22 08:48:21'),
(3, 'XĂĄm', 'MĂ u xĂĄm trung tĂ­nh', '#808080', '2026-06-22 08:48:21'),
(4, 'Xanh DÆ°ÆĄng', 'MĂ u xanh dÆ°ÆĄng nÄng Äá»ng', '#1E90FF', '2026-06-22 08:48:21'),
(5, 'Äá»', 'MĂ u Äá» ná»i báș­t', '#FF0000', '2026-06-22 08:48:21'),
(6, 'Be', 'MĂ u be thá»i trang vĂ  thanh lá»ch', '#F5F5DC', '2026-06-22 08:48:21');

-- --------------------------------------------------------

--
-- Cáș„u trĂșc báșŁng cho báșŁng `nguoidung`
--

DROP TABLE IF EXISTS `nguoidung`;
CREATE TABLE IF NOT EXISTS `nguoidung` (
  `manguoidung` int NOT NULL AUTO_INCREMENT,
  `email` varchar(250) CHARACTER SET utf8mb4 COLLATE utf8mb4_unicode_ci NOT NULL,
  `matkhau` varchar(250) CHARACTER SET utf8mb4 COLLATE utf8mb4_unicode_ci NOT NULL,
  `hoten` varchar(250) CHARACTER SET utf8mb4 COLLATE utf8mb4_unicode_ci DEFAULT NULL,
  `sodienthoai` varchar(250) CHARACTER SET utf8mb4 COLLATE utf8mb4_unicode_ci DEFAULT NULL,
  `diachi` text CHARACTER SET utf8mb4 COLLATE utf8mb4_unicode_ci,
  `vaitro` enum('client','admin') CHARACTER SET utf8mb4 COLLATE utf8mb4_unicode_ci NOT NULL DEFAULT 'client',
  `trangthai` enum('hoáșĄt Äá»ng','khĂŽng hoáșĄt Äá»ng') CHARACTER SET utf8mb4 COLLATE utf8mb4_unicode_ci NOT NULL DEFAULT 'hoáșĄt Äá»ng',
  `ngaytao` timestamp NULL DEFAULT CURRENT_TIMESTAMP,
  `ngaycapnhat` timestamp NULL DEFAULT CURRENT_TIMESTAMP ON UPDATE CURRENT_TIMESTAMP,
  `resettoken` varchar(255) CHARACTER SET utf8mb4 COLLATE utf8mb4_unicode_ci DEFAULT NULL,
  `thoigianhethan` datetime DEFAULT NULL,
  PRIMARY KEY (`manguoidung`),
  UNIQUE KEY `email` (`email`)
) ENGINE=InnoDB AUTO_INCREMENT=7 DEFAULT CHARSET=utf8mb4 COLLATE=utf8mb4_unicode_ci;

--
-- Äang Äá» dá»Ż liá»u cho báșŁng `nguoidung`
--

INSERT INTO `nguoidung` (`manguoidung`, `email`, `matkhau`, `hoten`, `sodienthoai`, `diachi`, `vaitro`, `trangthai`, `ngaytao`, `ngaycapnhat`, `resettoken`, `thoigianhethan`) VALUES
(2, 'san@gmail.com', '$2b$10$ZdspotbnGKJGrCJmsNaahOqPXfBq/kixvwIrn1qAXFV.1jhWmC96u', NULL, NULL, NULL, 'admin', 'hoáșĄt Äá»ng', '2025-11-01 17:36:35', '2025-11-02 16:08:58', NULL, NULL),
(3, 'test@gmail.com', '$2b$10$iMZRcvZtF.4z4EhMPmXZ.eX/uP0.qYOUmebNYCxYu89/NH4N3pyUy', 'Nguyá»n VÄn A', '0909123456', '123 ÄÆ°á»ng Nguyá»n TrĂŁi, Quáș­n 5, TP.HCM', 'client', 'hoáșĄt Äá»ng', '2025-11-01 17:59:07', '2025-11-28 18:18:14', NULL, NULL),
(5, 'hausaidan451@gmail.com', '$2b$10$F8VeziTXURNt0k5Tk3VnMufYaVGPTDmWtS.UvvjAvgqQOC3S5fnn2', 'Nguyá»n VÄn A', '0909123456', NULL, 'client', 'hoáșĄt Äá»ng', '2025-12-24 17:35:46', '2026-01-05 03:00:30', NULL, NULL),
(6, 'st857146@gmail.com', '$2b$10$BYeNmhLesBj3uq/pV/MsM.axInG7zYTNwPhr9TvRw8Bjj1HaKXg3e', 'san', '0382099673', NULL, 'client', 'hoáșĄt Äá»ng', '2025-12-26 17:00:18', '2025-12-26 17:00:18', NULL, NULL);

-- --------------------------------------------------------

--
-- Cáș„u trĂșc báșŁng cho báșŁng `sanpham`
--

DROP TABLE IF EXISTS `sanpham`;
CREATE TABLE IF NOT EXISTS `sanpham` (
  `masanpham` int NOT NULL AUTO_INCREMENT,
  `tensanpham` varchar(250) CHARACTER SET utf8mb4 COLLATE utf8mb4_unicode_ci NOT NULL,
  `mahang` int NOT NULL,
  `mota` varchar(250) CHARACTER SET utf8mb4 COLLATE utf8mb4_unicode_ci NOT NULL,
  `chatlieu` varchar(250) CHARACTER SET utf8mb4 COLLATE utf8mb4_unicode_ci NOT NULL,
  `kieudang` varchar(250) CHARACTER SET utf8mb4 COLLATE utf8mb4_unicode_ci NOT NULL,
  `baoquan` varchar(250) CHARACTER SET utf8mb4 COLLATE utf8mb4_unicode_ci NOT NULL,
  `ngaytao` timestamp NOT NULL,
  `ngaycapnhat` timestamp NULL DEFAULT NULL,
  `madanhmuc` int NOT NULL,
  `anhdaidien` varchar(250) CHARACTER SET utf8mb4 COLLATE utf8mb4_unicode_ci NOT NULL,
  PRIMARY KEY (`masanpham`),
  KEY `madanhmuc` (`madanhmuc`),
  KEY `mahang` (`mahang`)
) ENGINE=InnoDB AUTO_INCREMENT=31 DEFAULT CHARSET=utf8mb4 COLLATE=utf8mb4_unicode_ci;

--
-- Äang Äá» dá»Ż liá»u cho báșŁng `sanpham`
--

INSERT INTO `sanpham` (`masanpham`, `tensanpham`, `mahang`, `mota`, `chatlieu`, `kieudang`, `baoquan`, `ngaytao`, `ngaycapnhat`, `madanhmuc`, `anhdaidien`) VALUES
(1, 'Nike Air Zoom Pegasus 41', 1, 'GiĂ y cháșĄy bá» ĂȘm ĂĄi dĂ nh cho luyá»n táș­p háș±ng ngĂ y', 'VáșŁi Mesh', 'CháșĄy bá»', 'Vá» sinh báș±ng khÄn má»m, trĂĄnh ngĂąm nÆ°á»c', '2026-06-22 08:43:52', '2026-06-22 08:43:52', 1, 'pegasus41.jpg'),
(2, 'Adidas Ultraboost Light', 2, 'GiĂ y cháșĄy bá» cao cáș„p vá»i Äá»m siĂȘu nháșč', 'Primeknit', 'CháșĄy bá»', 'BáșŁo quáșŁn nÆĄi khĂŽ rĂĄo', '2026-06-22 08:43:52', '2026-06-22 08:43:52', 1, 'ultraboost_light.jpg'),
(3, 'Puma RS-X Heritage', 3, 'GiĂ y sneaker phong cĂĄch tráș» trung', 'Da tá»ng há»Łp', 'Sneaker', 'TrĂĄnh tiáșżp xĂșc nhiá»t Äá» cao', '2026-06-22 08:43:52', '2026-06-22 08:43:52', 2, 'puma_rsx.jpg'),
(4, 'New Balance 530', 4, 'GiĂ y sneaker thá»i trang ÄÆ°á»Łc yĂȘu thĂ­ch', 'Mesh + Da', 'Sneaker', 'Vá» sinh Äá»nh ká»ł báș±ng bĂ n cháșŁi má»m', '2026-06-22 08:43:52', '2026-06-22 08:43:52', 2, 'nb530.jpg'),
(5, 'Nike Ja 2', 1, 'GiĂ y bĂłng rá» há» trá»Ł báș­t nháșŁy tá»t', 'Mesh', 'BĂłng rá»', 'BáșŁo quáșŁn nÆĄi thoĂĄng mĂĄt', '2026-06-22 08:43:52', '2026-06-22 08:43:52', 3, 'nike_ja2.jpg'),
(6, 'Adidas Harden Vol.8', 2, 'GiĂ y bĂłng rá» hiá»u suáș„t cao', 'Mesh + Cao su', 'BĂłng rá»', 'KhĂŽng giáș·t báș±ng mĂĄy', '2026-06-22 08:43:52', '2026-06-22 08:43:52', 3, 'harden8.jpg'),
(7, 'Converse Chuck Taylor 70', 5, 'GiĂ y cá» cao phong cĂĄch cá» Äiá»n', 'Canvas', 'Lifestyle', 'Giáș·t nháșč báș±ng tay', '2026-06-22 08:43:52', '2026-06-22 08:43:52', 4, 'chuck70.jpg'),
(8, 'Vans Old Skool', 6, 'GiĂ y thá»i trang ÄÆ°á»ng phá»', 'Canvas', 'Lifestyle', 'TrĂĄnh phÆĄi trá»±c tiáșżp dÆ°á»i náșŻng gáșŻt', '2026-06-22 08:43:52', '2026-06-22 08:43:52', 4, 'oldskool.jpg'),
(9, 'Adidas Dropset Trainer', 2, 'GiĂ y táș­p gym á»n Äá»nh vĂ  cháșŻc cháșŻn', 'Mesh', 'Training', 'BáșŁo quáșŁn nÆĄi khĂŽ rĂĄo', '2026-06-22 08:43:52', '2026-06-22 08:43:52', 5, 'dropset.jpg'),
(10, 'Nike Metcon 9', 1, 'GiĂ y táș­p luyá»n Äa nÄng cho phĂČng gym', 'Flyknit', 'Training', 'Vá» sinh báș±ng khÄn áș©m', '2026-06-22 08:43:52', '2026-06-22 08:43:52', 5, 'metcon9.jpg');

-- --------------------------------------------------------

--
-- Cáș„u trĂșc báșŁng cho báșŁng `voucher`
--

DROP TABLE IF EXISTS `voucher`;
CREATE TABLE IF NOT EXISTS `voucher` (
  `mavoucher` int NOT NULL AUTO_INCREMENT,
  `magiamgia` varchar(250) CHARACTER SET utf8mb4 COLLATE utf8mb4_unicode_ci DEFAULT NULL,
  `mota` varchar(250) CHARACTER SET utf8mb4 COLLATE utf8mb4_unicode_ci DEFAULT NULL,
  `loaikhuyenmai` enum('tiá»n','%') CHARACTER SET utf8mb4 COLLATE utf8mb4_unicode_ci NOT NULL DEFAULT 'tiá»n',
  `giatrigiam` int DEFAULT NULL,
  `giantoida` int DEFAULT NULL,
  `dontoithieu` int DEFAULT NULL,
  `apdungtoanbo` tinyint(1) DEFAULT NULL,
  `masanpham` int DEFAULT NULL,
  `madanhmuc` int DEFAULT NULL,
  `ngaybatdau` timestamp NULL DEFAULT NULL,
  `ngayketthuc` timestamp NULL DEFAULT NULL,
  `trangthai` enum('hoáșĄt Äá»ng','háșżt háșĄn','vĂŽ hiá»u') CHARACTER SET utf8mb4 COLLATE utf8mb4_unicode_ci NOT NULL DEFAULT 'hoáșĄt Äá»ng',
  `ngaytao` timestamp NOT NULL DEFAULT CURRENT_TIMESTAMP,
  `mahang` int DEFAULT NULL,
  PRIMARY KEY (`mavoucher`),
  KEY `masanpham` (`masanpham`),
  KEY `madanhmuc` (`madanhmuc`),
  KEY `fk_voucher_hang` (`mahang`)
) ENGINE=InnoDB AUTO_INCREMENT=7 DEFAULT CHARSET=utf8mb4 COLLATE=utf8mb4_unicode_ci;

--
-- Äang Äá» dá»Ż liá»u cho báșŁng `voucher`
--

INSERT INTO `voucher` (`mavoucher`, `magiamgia`, `mota`, `loaikhuyenmai`, `giatrigiam`, `giantoida`, `dontoithieu`, `apdungtoanbo`, `masanpham`, `madanhmuc`, `ngaybatdau`, `ngayketthuc`, `trangthai`, `ngaytao`, `mahang`) VALUES
(4, 'WELCOME10', 'GiáșŁm 10% cho toĂ n bá» sáșŁn pháș©m', '', 10, 200000, 500000, 1, NULL, NULL, '2026-06-22 08:56:32', '2026-07-22 08:56:32', 'hoáșĄt Äá»ng', '2026-06-22 08:56:32', NULL),
(5, 'NIKE15', 'GiáșŁm 15% cho toĂ n bá» sáșŁn pháș©m Nike', '', 15, 300000, 1000000, 0, NULL, NULL, '2026-06-22 08:56:32', '2026-07-12 08:56:32', 'hoáșĄt Äá»ng', '2026-06-22 08:56:32', 1),
(6, 'ADIDAS200K', 'GiáșŁm trá»±c tiáșżp 200.000Ä cho sáșŁn pháș©m Adidas', '', 200000, NULL, 2000000, 0, NULL, NULL, '2026-06-22 08:56:32', '2026-07-07 08:56:32', 'hoáșĄt Äá»ng', '2026-06-22 08:56:32', 2);

--
-- CĂĄc rĂ ng buá»c cho cĂĄc báșŁng ÄĂŁ Äá»
--

--
-- CĂĄc rĂ ng buá»c cho báșŁng `chitietdonhang`
--
ALTER TABLE `chitietdonhang`
  ADD CONSTRAINT `chitietdonhang_ibfk_1` FOREIGN KEY (`madonhang`) REFERENCES `donhang` (`madonhang`) ON DELETE CASCADE ON UPDATE CASCADE,
  ADD CONSTRAINT `chitietdonhang_ibfk_2` FOREIGN KEY (`mabienthe`) REFERENCES `bienthesanpham` (`mabienthe`) ON DELETE CASCADE ON UPDATE CASCADE;

--
-- CĂĄc rĂ ng buá»c cho báșŁng `donhang`
--
ALTER TABLE `donhang`
  ADD CONSTRAINT `donhang_ibfk_1` FOREIGN KEY (`manguoidung`) REFERENCES `nguoidung` (`manguoidung`) ON DELETE CASCADE ON UPDATE CASCADE;

--
-- CĂĄc rĂ ng buá»c cho báșŁng `voucher`
--
ALTER TABLE `voucher`
  ADD CONSTRAINT `fk_voucher_hang` FOREIGN KEY (`mahang`) REFERENCES `hang` (`mahang`),
  ADD CONSTRAINT `voucher_ibfk_1` FOREIGN KEY (`masanpham`) REFERENCES `sanpham` (`masanpham`),
  ADD CONSTRAINT `voucher_ibfk_2` FOREIGN KEY (`madanhmuc`) REFERENCES `danhmuc` (`madanhmuc`);
COMMIT;

/*!40101 SET CHARACTER_SET_CLIENT=@OLD_CHARACTER_SET_CLIENT */;
/*!40101 SET CHARACTER_SET_RESULTS=@OLD_CHARACTER_SET_RESULTS */;
/*!40101 SET COLLATION_CONNECTION=@OLD_COLLATION_CONNECTION */;
